﻿<!DOCTYPE install PUBLIC "-//Joomla! 2.5//DTD template 1.0//EN" "http://www.joomla.org/xml/dtd/2.5/template-install.dtd">
<?xml version="1.0" encoding="utf-8"?>
<extension version="3.8.7" type="template" client="site">
  <name>gost</name>
  <creationDate>2018-05-16</creationDate>
  <version>1.1</version>
  <author>Vadym Evseev</author>
  <authorUrl>sscode@gmail.com</authorUrl>
  <description>Simple theme</description>
  <files>
    <folder>images</folder>
    <fileName>template_thumbnail.png</fileName>
    <fileName>component.php</fileName>
    <fileName>functions.php</fileName>
    <fileName>index.html</fileName>
    <fileName>index.php</fileName>
    <fileName>params.ini</fileName>
    <fileName>ReadMe.txt</fileName>
    <fileName>html/index.html</fileName>
    <fileName>html/modules.php</fileName>
    <fileName>html/com_content/index.html</fileName>
    <fileName>html/com_content/article/default.php</fileName>
    <fileName>html/com_content/article/form.php</fileName>
    <fileName>html/com_content/article/index.html</fileName>
    <fileName>html/com_content/category/blog.php</fileName>
    <fileName>html/com_content/category/blog_item.php</fileName>
    <fileName>html/com_content/category/index.html</fileName>
    <fileName>html/com_content/frontpage/default.php</fileName>
    <fileName>html/com_content/frontpage/default_item.php</fileName>
    <fileName>html/com_content/frontpage/index.html</fileName>
    <fileName>html/com_content/section/blog.php</fileName>
    <fileName>html/com_content/section/blog_item.php</fileName>
    <fileName>html/com_content/section/index.html</fileName>
    <fileName>html/mod_mainmenu/default.php</fileName>
    <fileName>html/mod_mainmenu/index.html</fileName>
    <fileName>html/mod_syndicate/default.php</fileName>
    <fileName>html/mod_syndicate/index.html</fileName>
    <fileName>script.js</fileName>
    <fileName>templateDetails.xml</fileName>
  </files>
  <css>
    <fileName>css/editor.css</fileName>
    <fileName>css/template.ie6.css</fileName>
    <fileName>css/template.ie7.css</fileName>
    <fileName>css/template.css</fileName>
  </css>
  <positions>
    <position>breadcrumb</position>
    <position>left</position>
    <position>right</position>
    <position>syndicate</position>
    <position>banner1</position>
    <position>banner2</position>
    <position>banner3</position>
    <position>banner4</position>
    <position>banner5</position>
    <position>banner6</position>
    <position>top1</position>
    <position>top2</position>
    <position>top3</position>
    <position>bottom1</position>
    <position>bottom2</position>
    <position>bottom3</position>
    <position>user1</position>
    <position>user2</position>
    <position>user4</position>
    <position>user5</position>
    <position>copyright</position>
    <position>user3</position>
  </positions>
</extension>